<?xml version="1.0" encoding="UTF-8"?>

<ruleset xmlns:xsi="http://www.w3.org/2001/XMLSchema-instance"
         xsi:noNamespaceSchemaLocation="vendor/squizlabs/php_codesniffer/phpcs.xsd">

    <arg name="basepath" value="."/>
    <arg name="cache" value=".phpcs-cache"/>
    <arg name="colors"/>
    <arg name="extensions" value="php"/>

    <rule ref="PSR12">
        <exclude name="PSR1.Methods.CamelCapsMethodName.NotCamelCaps" />
    </rule>

    <file>bin/</file>
    <file>config/</file>
    <file>public/</file>
    <file>src/</file>

</ruleset>
