<?xml version="1.0" encoding="UTF-8" ?>
<container xmlns="http://symfony.com/schema/dic/services"
           xmlns:xsi="http://www.w3.org/2001/XMLSchema-instance"
           xsi:schemaLocation="http://symfony.com/schema/dic/services
        https://symfony.com/schema/dic/services/services-1.0.xsd"
>
    <parameters>
        <parameter key="twig.template_path">%app.base_path%/view</parameter>
        <parameter key="twig.env_params" type="collection">
            <parameter key="twig.cache_path">%app.base_path%/var/twig/cache</parameter>
        </parameter>

        <parameter key="app.base_path"/>
        <parameter key="app.api.version" type="string">1.9</parameter>
        <parameter key="app.funnel.js">https://cdn.wegetfinancing.com/libs/1.0/getfinancing.js</parameter>
        <parameter key="app.checkout_button.url">https://wiki.dev.wegetfinancing.com/public/brand/resources/buttons/logoCircular.svg</parameter>
        <parameter key="app.ppe.js.prod">https://ppe.wegetfinancing.com/index.js</parameter>
        <parameter key="app.ppe.js.sandbox">https://ppe.sandbox.dev.wegetfinancing.com/index.js</parameter>
        <parameter key="app.ppe.css.prod">https://ppe.wegetfinancing.com/index.css</parameter>
        <parameter key="app.ppe.css.sandbox">https://ppe.sandbox.dev.wegetfinancing.com/index.css</parameter>
        <parameter key="app.bootstrap.js">https://cdn.jsdelivr.net/npm/bootstrap@5.1.3/dist/js/bootstrap.bundle.min.js</parameter>
        <parameter key="app.bootstrap.css">https://cdn.jsdelivr.net/npm/bootstrap@5.1.3/dist/css/bootstrap.min.css</parameter>
        <parameter key="app.bootstrap.css.icons">https://cdn.jsdelivr.net/npm/bootstrap-icons@1.10.3/font/bootstrap-icons.css</parameter>

        <parameter key="app.init_list" type="collection">
            <parameter>addPaymentGateway</parameter>
            <parameter>getOrderInvIdField</parameter>
#           <parameter>printToCheckoutOrderInvIdField</parameter>
            <parameter>saveOrUpdateOrderInvIdField</parameter>
            <parameter>printToAdminOrderInvIdInField</parameter>
            <parameter>generateFunnelUrl</parameter>
            <parameter>postbackUpdate</parameter>
            <parameter>registerShippedOrderStatus</parameter>
            <parameter>onOrderStatusChangeToShipped</parameter>
            <parameter>ppeSettingsAdminPage</parameter>
            <parameter>ppeSettingsAjax</parameter>
            <parameter>ppeShortcode</parameter>
        </parameter>
    </parameters>

    <services>
        <service id="twigLoader" class="Twig\Loader\FilesystemLoader">
            <argument>%twig.template_path%</argument>
        </service>
        <service id="twig" class="Twig\Environment">
            <argument type="service" id="twigLoader"/>
            <argument>%twig.env_params%</argument>
        </service>

        <service id="addPaymentGateway" class="WeGetFinancing\Checkout\PaymentGateway\AddWeGetFinancingPaymentMethod"/>
        <service id="getOrderInvIdField" class="WeGetFinancing\Checkout\PostMeta\GetOrderInvIdField"/>
        <service id="printToCheckoutOrderInvIdField" class="WeGetFinancing\Checkout\PostMeta\PrintToCheckoutOrderInvIdField">
            <argument type="service" id="twig"/>
        </service>
        <service id="saveOrUpdateOrderInvIdField" class="WeGetFinancing\Checkout\PostMeta\SaveOrUpdateOrderInvIdField"/>
        <service id="printToAdminOrderInvIdInField" class="WeGetFinancing\Checkout\PostMeta\PrintToAdminOrderInvIdInField">
            <argument type="service" id="twig"/>
        </service>
        <service id="generateFunnelUrl" class="WeGetFinancing\Checkout\Ajax\Public\GenerateFunnelUrl"/>
        <service id="postbackUpdate" class="WeGetFinancing\Checkout\Ajax\Public\PostbackUpdate">
            <argument>%app.api.version%</argument>
        </service>
        <service id="registerShippedOrderStatus" class="WeGetFinancing\Checkout\PostStatus\RegisterShippedOrderStatus"/>
        <service id="onOrderStatusChangeToShipped" class="WeGetFinancing\Checkout\PostStatus\OnOrderStatusChangeToShipped"/>
        <service id="ppeSettingsAdminPage" class="WeGetFinancing\Checkout\Page\Admin\PpeSettingsPage">
            <argument type="service" id="twig"/>
            <argument>%app.bootstrap.js%</argument>
            <argument>%app.bootstrap.css%</argument>
            <argument>%app.bootstrap.css.icons%</argument>
        </service>
        <service id="ppeShortcode" class="WeGetFinancing\Checkout\Shortcode\PpeShortcode">
            <argument type="service" id="twig"/>
            <argument>%app.ppe.js.prod%</argument>
            <argument>%app.ppe.js.sandbox%</argument>
            <argument>%app.ppe.css.prod%</argument>
            <argument>%app.ppe.css.sandbox%</argument>
        </service>
        <service id="ppeSettingsAjax" class="WeGetFinancing\Checkout\Ajax\Admin\PpeSettingsAjax"/>
    </services>
</container>
